{
    "path": [
        "Acknowledged Pawn",
        "Components",
        "SceneComponent Melee_Attach"
    ],
    "state": {
        "hand": 1,
        "location_offset": {
            "x": 0.0,
            "y": 0.0,
            "z": 0.0
        },
        "permanent": true,
        "rotation_offset": {
            "w": 0.685397207736969,
            "x": 0.17501065135002136,
            "y": 0.6848517060279846,
            "z": -0.1748715490102768
        }
    },
    "type": "motion_controller"
}